dataset,alpha,lr_lc,gnn_lr,batch_size,gnn_aggr,ROC_test,AP_test,epoch_needed,epochs,patience,gnn_num_input,gnn_num_output
EML,1.0,1e-06,0.001,64,mean,0.8871136084528464,0.8901847300339155,377,1000,50,32,32
EML,1.0,1e-06,0.001,32,mean,0.8976685787445314,0.8986412650622007,369,1000,50,32,32
BUP,0.1,1e-06,0.001,32,mean,0.9043159996197357,0.9042232308778491,129,1000,50,32,32
BUP,0.5,1e-06,0.001,32,mean,0.9291004089050432,0.9340202032043814,356,1000,50,32,32
BUP,1.0,1e-06,0.001,32,mean,0.9252214452214453,0.9223138525208788,203,1000,50,32,32
BUP,1.5,1e-06,0.001,32,mean,0.9318359757291055,0.9372812811515373,302,1000,50,32,32
BUP,2.0,1e-06,0.001,32,mean,0.8964737793851717,0.8330332202921318,280,1000,50,32,32
BUP,1.0,1e-06,0.01,32,mean,0.9197631464580618,0.8472562727281716,87,1000,50,32,32
BUP,1.0,1e-05,0.01,32,mean,0.8671987734487734,0.8934014624032227,78,1000,50,32,32
BUP,1.0,0.0001,0.01,32,mean,0.5,0.5627240143369175,53,1000,50,32,32
BUP,1.0,1e-06,0.001,32,mean,0.9196139213752289,0.9104262895417297,206,1000,50,32,32
BUP,1.0,1e-05,0.001,32,mean,0.8922346716464364,0.8786195455338817,178,1000,50,32,32
BUP,1.0,0.0001,0.001,32,mean,0.5010901507251873,0.5281092564003815,58,1000,50,32,32
BUP,1.0,1e-06,0.0001,32,mean,0.41337535703732886,0.44844153258949093,54,1000,50,32,32
BUP,1.0,1e-05,0.0001,32,mean,0.5577416987708677,0.6168888673994403,72,1000,50,32,32
BUP,1.0,0.0001,0.0001,32,mean,0.5,0.43661971830985913,57,1000,50,32,32
BUP,1.0,1e-06,0.001,256,mean,0.45731707317073167,0.4768701842797949,60,1000,50,32,32
BUP,1.0,1e-06,0.001,128,mean,0.49507857733664185,0.45269855572874773,50,1000,50,32,32
BUP,1.0,1e-06,0.001,64,mean,0.5439700088956665,0.5394373293114271,65,1000,50,32,32
BUP,1.0,1e-06,0.001,32,mean,0.9343127731908695,0.9354592073056447,294,1000,50,32,32
BUP,1.0,1e-06,0.001,16,mean,0.8354875421696542,0.8484391010862778,221,1000,50,32,32
BUP,1.0,1e-06,0.001,8,mean,0.8865348399246705,0.8680797176571978,107,1000,50,32,32
BUP,1.0,1e-06,0.001,2,mean,0.8805093555093556,0.8896056124263401,74,1000,50,32,32
BUP,1.0,1e-06,0.001,256,mean,0.5124624820566357,0.4961818563133077,75,1000,75,32,32
BUP,1.0,1e-06,0.001,128,mean,0.9864285714285714,0.9873410977624234,715,1000,75,32,32
BUP,1.0,1e-06,0.001,64,mean,0.5502164502164502,0.456959228513403,76,1000,75,32,32
BUP,1.0,1e-06,0.001,32,mean,0.9158379179009734,0.9138707784399397,241,1000,75,32,32
BUP,1.0,1e-06,0.001,16,mean,0.8959504547739842,0.8884760245608869,189,1000,75,32,32
BUP,1.0,1e-06,0.001,8,mean,0.8721344880285278,0.8733778111402946,143,1000,75,32,32
BUP,0.1,1e-06,0.001,32,mean,0.8996484499840205,0.8956161428294294,121,1000,75,32,32
BUP,0.5,1e-06,0.001,32,mean,0.9309090909090909,0.9389355290442016,265,1000,75,32,32
BUP,1.0,1e-06,0.001,32,mean,0.9179603166443919,0.9102541979672207,355,1000,75,32,32
BUP,1.5,1e-06,0.001,32,mean,0.9225470430107526,0.9195743350553266,213,1000,75,32,32
BUP,2.0,1e-06,0.001,32,mean,0.904624823029731,0.9037543043662877,342,1000,75,32,32
BUP,1.0,1e-06,0.01,32,mean,0.8833134930904197,0.9015393465797922,160,1000,75,32,32
BUP,1.0,1e-05,0.01,32,mean,0.8855042016806722,0.8713785287374939,164,1000,75,32,32
BUP,1.0,1e-06,0.001,256,mean,0.5109375,0.4718747692871009,79,1000,75,32,32
BUP,1.0,1e-06,0.001,128,mean,0.964304325169359,0.961442691684419,463,1000,75,32,32
BUP,1.0,1e-06,0.001,256,mean,0.9975350285417748,0.9973136908221727,479,1000,100,32,32
BUP,1.0,1e-06,0.001,128,mean,0.5892725334208153,0.5113873012439989,100,1000,100,32,32
BUP,1.0,1e-06,0.001,64,mean,0.9646882043576259,0.9695163508412681,659,1000,100,32,32
BUP,1.0,1e-06,0.001,32,mean,0.9497954811063498,0.955818209373287,289,1000,100,32,32
BUP,1.0,1e-06,0.001,16,mean,0.9159349593495935,0.9054577009012086,201,1000,100,32,32
BUP,1.0,1e-06,0.001,8,mean,0.8970467596390485,0.8864056148394652,207,1000,100,32,32
BUP,1.0,1e-06,0.001,2,mean,0.8361371608561816,0.7366413352973933,127,1000,100,32,32
BUP,0.1,1e-06,0.001,128,mean,0.9556826849733029,0.9589100352920947,502,1000,100,32,32
BUP,0.5,1e-06,0.001,128,mean,0.9677615571776155,0.9538051073630004,367,1000,100,32,32
BUP,1.0,1e-06,0.001,128,mean,0.5205816910362364,0.501341786614786,101,1000,100,32,32
BUP,1.5,1e-06,0.001,128,mean,0.5986876059868761,0.5529857116732215,101,1000,100,32,32
BUP,2.0,1e-06,0.001,128,mean,0.5016,0.45492920613529975,105,1000,100,32,32
BUP,1.0,1e-06,0.01,128,mean,0.936388384754991,0.9091673420747375,164,1000,100,32,32
BUP,1.0,1e-05,0.01,128,mean,0.9546754675467547,0.9324231619810915,180,1000,100,32,32
BUP,1.0,0.0001,0.01,128,mean,0.8570707070707071,0.6919938279348593,327,1000,100,32,32
BUP,1.0,1e-06,0.001,128,mean,0.4700715679895901,0.4757072048595474,135,1000,100,32,32
BUP,1.0,1e-05,0.001,128,mean,0.9660809511320919,0.9575537525811366,379,1000,100,32,32
BUP,1.0,0.0001,0.001,128,mean,0.44452214452214456,0.39012191421071235,104,1000,100,32,32
BUP,1.0,1e-06,0.0001,128,mean,0.5047949735449735,0.5094155582134092,100,1000,100,32,32
BUP,1.0,1e-05,0.0001,128,mean,0.4011904761904762,0.39175707761492584,130,1000,100,32,32
BUP,1.0,0.0001,0.0001,128,mean,0.5,0.4585152838427948,123,1000,100,32,32
BUP,1.0,1e-06,0.001,256,mean,0.9976647638816813,0.997927141084929,640,1000,100,32,32
BUP,1.0,1e-06,0.001,128,mean,0.9501652892561984,0.9256247854551332,547,1000,100,32,32
BUP,1.0,1e-06,0.001,64,mean,0.9397255304999698,0.9265655062902113,459,1000,100,32,32
BUP,1.0,1e-06,0.001,32,mean,0.9404794458116853,0.9293089160608102,239,1000,100,32,32
BUP,1.0,1e-06,0.001,16,mean,0.9338873728603325,0.9331533279853272,476,1000,100,32,32
BUP,1.0,1e-06,0.001,8,mean,0.9118115942028987,0.9172321391079508,403,1000,100,32,32
BUP,0.1,1e-06,0.001,128,mean,0.9325030132583366,0.9210586731826672,291,1000,100,32,32
BUP,0.5,1e-06,0.001,128,mean,0.9601799034664327,0.9437482458603075,670,1000,100,32,32
BUP,1.0,1e-06,0.001,128,mean,0.9744565217391303,0.9534443544788869,727,1000,100,32,32
BUP,1.5,1e-06,0.001,128,mean,0.5727938011192424,0.546540362712111,100,1000,100,32,32
BUP,2.0,1e-06,0.001,128,mean,0.532070707070707,0.6093264793598723,180,1000,100,32,32
BUP,1.0,1e-06,0.01,128,mean,0.9510904947916666,0.9184737125029117,204,1000,100,32,32
BUP,1.0,1e-05,0.01,128,mean,0.9580555555555554,0.968776683864885,184,1000,100,32,32
BUP,1.0,0.0001,0.01,128,mean,0.8698596404826398,0.772802904927438,169,1000,100,32,32
BUP,1.0,1e-06,0.001,128,mean,0.5444533262279065,0.4176658442253995,102,1000,100,32,32
BUP,1.0,1e-05,0.001,128,mean,0.4889327385037749,0.4444764893859715,117,1000,100,32,32
BUP,1.0,0.0001,0.001,128,mean,0.4889743589743589,0.4478201207366375,105,1000,100,32,32
BUP,1.0,1e-06,0.0001,128,mean,0.4196170993968004,0.5243460650571834,100,1000,100,32,32
BUP,1.0,1e-05,0.0001,128,mean,0.372621107266436,0.3629294962030319,129,1000,100,32,32
BUP,1.0,0.0001,0.0001,128,mean,0.5,0.4472573839662447,106,1000,100,32,32
CEG,1.0,1e-06,0.001,256,mean,0.859096941354904,0.7917280963778685,999,1000,100,32,32
CEG,1.0,1e-06,0.001,128,mean,0.8581905439033061,0.8389078186075505,862,1000,100,32,32
BUP,1.0,1e-06,0.001,256,min,1.0,1.0,204,1000,20,32,32
BUP,1.0,1e-06,0.001,128,min,0.6858490566037736,0.6921693905841011,103,1000,20,32,32
BUP,1.0,1e-06,0.001,64,min,0.9757583874640059,0.9810707395556012,238,1000,20,32,32
BUP,1.0,1e-06,0.001,32,min,0.9439878234398782,0.9523159439843129,194,1000,20,32,32
BUP,1.0,1e-06,0.001,16,min,0.9269053315105946,0.9332838697024375,121,1000,20,32,32
BUP,1.0,1e-06,0.001,8,min,0.93194874060981,0.9263518798135479,82,1000,20,32,32
BUP,0.1,1e-06,0.001,128,min,0.9919564884326644,0.9920615995738863,138,1000,20,32,32
BUP,0.5,1e-06,0.001,128,min,0.5481941747572815,0.5250093969822935,88,1000,20,32,32
BUP,1.0,1e-06,0.001,128,min,0.6009444048467569,0.4863986643967592,67,1000,20,32,32
BUP,1.5,1e-06,0.001,128,min,0.974570284906993,0.9734543727131069,346,1000,20,32,32
BUP,2.0,1e-06,0.001,128,min,0.6457246720404616,0.6234647651043101,37,1000,20,32,32
BUP,1.0,1e-06,0.01,128,min,0.592100896116827,0.5175558368174759,28,1000,20,32,32
BUP,1.0,1e-05,0.01,128,min,0.9804439746300212,0.9722326162160215,86,1000,20,32,32
BUP,1.0,0.0001,0.01,128,min,0.9784954896907216,0.9775864070592174,79,1000,20,32,32
BUP,1.0,1e-06,0.001,128,min,0.5684603522441359,0.6085148339218077,106,1000,20,32,32
BUP,1.0,1e-05,0.001,128,min,0.5799172010715157,0.565598028700525,37,1000,20,32,32
BUP,1.0,0.0001,0.001,128,min,0.5,0.41517857142857145,101,1000,20,32,32
BUP,1.0,1e-06,0.0001,128,min,0.5458789576436636,0.5128788009576688,114,1000,20,32,32
BUP,1.0,1e-05,0.0001,128,min,0.5168891085846102,0.49844686365108715,46,1000,20,32,32
BUP,1.0,0.0001,0.0001,128,min,0.458029040295558,0.45848580457105337,44,1000,20,32,32
BUP,1.0,1e-06,0.001,256,max,0.5106547849670671,0.503343909406326,55,1000,20,32,32
BUP,1.0,1e-06,0.001,128,max,0.5342762847713343,0.5426796276822092,81,1000,20,32,32
BUP,1.0,1e-06,0.001,64,max,0.9655939746662103,0.9632122177712664,324,1000,20,32,32
BUP,0.5,1e-06,0.001,128,max,0.6073750991276764,0.5441102762983736,52,1000,20,32,32
BUP,1.0,1e-06,0.001,128,max,0.6007462686567164,0.5387402013867386,31,1000,20,32,32
BUP,1.5,1e-06,0.001,128,max,0.6243386243386242,0.6173338777937396,102,1000,20,32,32
BUP,1.0,1e-06,0.001,128,max,0.5641047586443,0.4888373742982672,104,1000,20,32,32
BUP,1.0,1e-05,0.001,128,max,0.5442485450188292,0.4479031871646775,21,1000,20,32,32
BUP,1.0,1e-06,0.0001,128,max,0.5613656006914434,0.4801454686446418,280,1000,20,32,32
BUP,1.0,1e-05,0.0001,128,max,0.5293367346938775,0.47945706341619915,173,1000,20,32,32
NSC,1.0,1e-06,0.001,32,mean,0.7886494272749909,0.7643179481669473,70,1000,20,32,32
NSC,1.0,1e-06,0.001,32,mean,0.8069927278558678,0.7806306816638078,57,1000,20,32,32
NSC,1.0,1e-06,0.001,32,mean,0.7708547083016969,0.7718096351957467,70,1000,20,32,32
BUP,0.5,1e-06,0.001,256,max,0.9993542554565414,0.9993904864298387,235,1000,30,32,32
BUP,1.0,1e-06,0.001,256,max,0.6587394411955815,0.6909829921089281,69,1000,30,32,32
BUP,1.5,1e-06,0.001,256,max,0.551953125,0.5437104395220123,150,1000,30,32,32
BUP,0.5,1e-06,0.001,128,max,0.6515822265945236,0.6172960941991932,34,1000,30,32,32
BUP,1.0,1e-06,0.001,128,max,0.9783373369938229,0.9615176272472661,419,1000,30,32,32
BUP,1.5,1e-06,0.001,128,max,0.6285714285714286,0.6151334058924329,30,1000,30,32,32
BUP,0.5,1e-06,0.001,64,max,0.9402576207961765,0.9466646129453372,161,1000,30,32,32
BUP,1.0,1e-06,0.001,64,max,0.5361141872769779,0.5466784781499721,59,1000,30,32,32
BUP,1.5,1e-06,0.001,64,max,0.5982846692312543,0.5152039554760046,123,1000,30,32,32
BUP,1.0,1e-06,0.001,256,max,0.6179702650290886,0.6137298914994855,157,1000,30,32,32
BUP,1.0,1e-05,0.001,256,max,0.992226972405752,0.9906793439090594,438,1000,30,32,32
BUP,1.0,1e-06,0.0001,256,max,0.43139534883720926,0.4620820192804996,213,1000,30,32,32
BUP,1.0,1e-05,0.0001,256,max,0.5344783057851239,0.5674473740895373,151,1000,30,32,32
BUP,1.0,1e-06,0.001,128,max,0.5491057170233152,0.48941652447641043,34,1000,30,32,32
BUP,1.0,1e-05,0.001,128,max,0.5643734643734643,0.6400248388076962,76,1000,30,32,32
BUP,1.0,1e-06,0.0001,128,max,0.7026526315789474,0.6823565442170683,44,1000,30,32,32
BUP,1.0,1e-05,0.0001,128,max,0.7344517184942717,0.7215223663100849,55,1000,30,32,32
BUP,1.0,1e-06,0.001,64,max,0.9491416032012392,0.9535116625641715,308,1000,30,32,32
BUP,1.0,1e-05,0.001,64,max,0.9648739063304169,0.9705087062342481,287,1000,30,32,32
BUP,1.0,1e-06,0.0001,64,max,0.47784690799396684,0.427321275538761,201,1000,30,32,32
BUP,1.0,1e-05,0.0001,64,max,0.9509673852957434,0.9527389967046318,834,1000,30,32,32
BUP,0.5,1e-06,0.001,256,min,1.0,1.0,161,1000,30,32,32
BUP,1.0,1e-06,0.001,256,min,1.0,1.0,364,1000,30,32,32
BUP,1.5,1e-06,0.001,256,min,0.5975308641975308,0.6086038481955245,53,1000,30,32,32
BUP,0.5,1e-06,0.001,128,min,0.6810136765888979,0.6997173354243877,128,1000,30,32,32
BUP,1.0,1e-06,0.001,128,min,0.5554470323065365,0.5155981945051012,77,1000,30,32,32
BUP,1.5,1e-06,0.001,128,min,0.5881254061078622,0.5653092014913977,59,1000,30,32,32
BUP,0.5,1e-06,0.001,64,min,0.9709346504559271,0.9663446399835209,198,1000,30,32,32
BUP,1.0,1e-06,0.001,64,min,0.9667082072280577,0.9665173898074215,286,1000,30,32,32
BUP,1.5,1e-06,0.001,64,min,0.9578160919540228,0.9553565976433673,251,1000,30,32,32
BUP,1.0,1e-06,0.001,256,min,0.4934779801110681,0.5455260408903431,150,1000,30,32,32
BUP,1.0,1e-05,0.001,256,min,1.0,1.0,426,1000,30,32,32
BUP,1.0,1e-06,0.0001,256,min,0.9177477944992217,0.9321769660362591,999,1000,30,32,32
BUP,1.0,1e-05,0.0001,256,min,0.4399325376232486,0.4992770014337694,165,1000,30,32,32
BUP,1.0,1e-06,0.001,128,min,0.6855180126208164,0.6908327554448355,98,1000,30,32,32
BUP,1.0,1e-05,0.001,128,min,0.9819583401672953,0.9718050386297524,475,1000,30,32,32
BUP,1.0,1e-06,0.0001,128,min,0.4768903993203059,0.527556609256771,350,1000,30,32,32
BUP,1.0,1e-05,0.0001,128,min,0.4534024831054534,0.3956762355878379,157,1000,30,32,32
BUP,1.0,1e-06,0.001,64,min,0.9622908186341022,0.9627444977270443,251,1000,30,32,32
BUP,1.0,1e-05,0.001,64,min,0.9526643990929706,0.9624459705817685,295,1000,30,32,32
BUP,1.0,1e-06,0.0001,64,min,0.4634228413755973,0.5214623007337907,181,1000,30,32,32
BUP,1.0,1e-05,0.0001,64,min,0.46529655669731385,0.4850520504837454,188,1000,30,32,32
BUP,0.5,1e-06,0.001,256,mean,0.9668130165289255,0.9586852910626188,269,1000,30,32,32
BUP,1.0,1e-06,0.001,256,mean,0.5143633540372671,0.5394251239523753,125,1000,30,32,32
BUP,1.5,1e-06,0.001,256,mean,0.7425985778926956,0.7240571192863858,185,1000,30,32,32
BUP,0.5,1e-06,0.001,128,mean,0.5730040757612083,0.4837726614525132,58,1000,30,32,32
BUP,1.0,1e-06,0.001,128,mean,0.6498240321769734,0.6435780252331039,46,1000,30,32,32
BUP,1.5,1e-06,0.001,128,mean,0.5781004709576139,0.5408064609184098,81,1000,30,32,32
BUP,0.5,1e-06,0.001,64,mean,0.8788321167883212,0.8728055870773127,281,1000,30,32,32
BUP,1.0,1e-06,0.001,64,mean,0.9671669793621013,0.9658622599609463,318,1000,30,32,32
BUP,1.5,1e-06,0.001,64,mean,0.9198002350176263,0.9095591117697974,293,1000,30,32,32
BUP,1.0,1e-06,0.001,256,mean,0.9951916829109813,0.9960599218962619,468,1000,30,32,32
BUP,1.0,1e-05,0.001,256,mean,0.9772256728778468,0.9787919505954168,467,1000,30,32,32
BUP,1.0,1e-06,0.0001,256,mean,0.4547101449275362,0.5346709702466925,157,1000,30,32,32
BUP,1.0,1e-05,0.0001,256,mean,0.47591372852899394,0.4957332748160132,170,1000,30,32,32
BUP,1.0,1e-06,0.001,128,mean,0.6365012615643397,0.5470636898673638,33,1000,30,32,32
BUP,1.0,1e-05,0.001,128,mean,0.9391405342624854,0.9319548658762877,380,1000,30,32,32
BUP,1.0,1e-06,0.0001,128,mean,0.37844731388490355,0.4043407300196253,187,1000,30,32,32
BUP,1.0,1e-05,0.0001,128,mean,0.4968341072182355,0.5173987674708037,398,1000,30,32,32
BUP,1.0,1e-06,0.001,64,mean,0.9446859446859447,0.9241143587702744,253,1000,30,32,32
BUP,1.0,1e-05,0.001,64,mean,0.9479789524037311,0.936641454015487,281,1000,30,32,32
BUP,1.0,1e-06,0.0001,64,mean,0.5524965325936199,0.46271585821698324,165,1000,30,32,32
BUP,1.0,1e-05,0.0001,64,mean,0.5663225806451613,0.5659979814594374,165,1000,30,32,32
ADV,0.5,1e-06,0.001,256,max,0.955387979921088,0.9578229735802155,79,1000,30,32,32
ADV,1.0,1e-06,0.001,256,max,0.9522317901307089,0.955956981161523,72,1000,30,32,32
ADV,1.5,1e-06,0.001,256,max,0.953880770473014,0.9560750672244673,81,1000,30,32,32
ADV,0.5,1e-06,0.001,128,max,0.9482921680735559,0.9524530422715191,78,1000,30,32,32
ADV,1.0,1e-06,0.001,128,max,0.951135298735018,0.9546665921212689,73,1000,30,32,32
ADV,1.5,1e-06,0.001,128,max,0.9474364089970669,0.9502471443821001,54,1000,30,32,32
ADV,0.5,1e-06,0.001,64,max,0.938190398335104,0.9421700780829709,57,1000,30,32,32
ADV,1.0,1e-06,0.001,64,max,0.9478264384980413,0.95194430730724,46,1000,30,32,32
ADV,1.5,1e-06,0.001,64,max,0.9412410207843734,0.9452350324002001,47,1000,30,32,32
NSC,0.5,1e-06,0.001,256,max,0.944239708697894,0.9484066463935097,215,1000,30,32,32
NSC,1.0,1e-06,0.001,256,max,0.9454337389751034,0.9455073502689021,283,1000,30,32,32
NSC,1.5,1e-06,0.001,256,max,0.9587328057589027,0.9502714125259543,477,1000,30,32,32
NSC,0.5,1e-06,0.001,128,max,0.9437665679089349,0.9464975738619876,136,1000,30,32,32
NSC,1.0,1e-06,0.001,128,max,0.9395533679530766,0.9434395713572558,193,1000,30,32,32
NSC,1.5,1e-06,0.001,128,max,0.93548130156267,0.9398844648659392,192,1000,30,32,32
NSC,0.5,1e-06,0.001,64,max,0.9384610698714657,0.9413572592983578,78,1000,30,32,32
NSC,1.0,1e-06,0.001,64,max,0.9289776758706709,0.93226716220316,89,1000,30,32,32
ADV,0.5,1e-06,0.001,256,max,0.9546500360667247,0.9572404416298537,107,1000,30,32,32
NSC,1.5,1e-06,0.001,64,max,0.9236800722843417,0.925610422629936,144,1000,30,32,32
NSC,1.0,1e-06,0.001,256,max,0.931258259251848,0.9380741105561318,287,1000,30,32,32
NSC,1.0,1e-05,0.001,256,max,0.9456104028844141,0.9448726295994812,310,1000,30,32,32
NSC,1.0,1e-06,0.0001,256,max,0.9287815596160375,0.9226602701187856,999,1000,30,32,32
ADV,1.0,1e-06,0.001,256,max,0.9506773711433133,0.955069264053439,61,1000,30,32,32
NSC,1.0,1e-05,0.0001,256,max,0.928130474091654,0.9246042618527482,746,1000,30,32,32
NSC,1.0,1e-06,0.001,128,max,0.9546486932924313,0.9537453306388118,191,1000,30,32,32
NSC,1.0,1e-05,0.001,128,max,0.9175895007041934,0.9182744417199302,153,1000,30,32,32
ADV,1.5,1e-06,0.001,256,max,0.9547116558846025,0.9587553938239624,57,1000,30,32,32
NSC,1.0,1e-06,0.0001,128,max,0.9208904043614787,0.9171700161268105,648,1000,30,32,32
NSC,1.0,1e-05,0.0001,128,max,0.9208772770853308,0.9088218767021955,637,1000,30,32,32
ADV,0.5,1e-06,0.001,128,max,0.950963972431215,0.95529608975701,53,1000,30,32,32
NSC,1.0,1e-06,0.001,64,max,0.9338508287292817,0.9347205228852483,109,1000,30,32,32
NSC,1.0,1e-05,0.001,64,max,0.9373103325017142,0.9333563872948777,98,1000,30,32,32
NSC,1.0,1e-06,0.0001,64,max,0.9099982151077041,0.8983686346710167,702,1000,30,32,32
ADV,1.0,1e-06,0.001,128,max,0.9498964742546946,0.9525237896482475,75,1000,30,32,32
NSC,1.0,1e-05,0.0001,64,max,0.9042840736189137,0.886355269759527,408,1000,30,32,32
NSC,0.5,1e-06,0.001,256,min,0.9683737410871358,0.9674645574396498,179,1000,30,32,32
NSC,1.0,1e-06,0.001,256,min,0.9643163698272942,0.9661742924566279,264,1000,30,32,32
NSC,1.5,1e-06,0.001,256,min,0.9741643764583874,0.9764757953357789,286,1000,30,32,32
NSC,0.5,1e-06,0.001,128,min,0.9682626056554335,0.9695734952105906,158,1000,30,32,32
NSC,1.0,1e-06,0.001,128,min,0.9629747099412413,0.9632231847586148,162,1000,30,32,32
NSC,1.5,1e-06,0.001,128,min,0.9628414203693325,0.9639753286986505,161,1000,30,32,32
NSC,0.5,1e-06,0.001,64,min,0.9411406826071806,0.9325866681405796,120,1000,30,32,32
NSC,1.0,1e-06,0.001,64,min,0.9468365331949609,0.947032014211301,128,1000,30,32,32
ADV,1.5,1e-06,0.001,128,max,0.9528977334271455,0.9561293912105164,93,1000,30,32,32
NSC,1.5,1e-06,0.001,64,min,0.9541027083776494,0.953816447791924,86,1000,30,32,32
NSC,1.0,1e-06,0.001,256,min,0.9704345300457455,0.9688615508915398,200,1000,30,32,32
NSC,1.0,1e-05,0.001,256,min,0.9720456840645191,0.9738943552915615,254,1000,30,32,32
NSC,1.0,1e-06,0.0001,256,min,0.9612559997724048,0.9611462120410195,999,1000,30,32,32
NSC,1.0,1e-05,0.0001,256,min,0.9664196258719085,0.9639949942122216,700,1000,30,32,32
NSC,1.0,1e-06,0.001,128,min,0.9620370883946234,0.9658410424031367,172,1000,30,32,32
NSC,1.0,1e-05,0.001,128,min,0.9598995517492172,0.9631545582336409,98,1000,30,32,32
NSC,1.0,1e-06,0.0001,128,min,0.9668057745920229,0.9664185652124192,636,1000,30,32,32
ADV,0.5,1e-06,0.001,64,max,0.9419676090374884,0.9485652426841994,65,1000,30,32,32
NSC,1.0,1e-05,0.0001,128,min,0.947953814262801,0.9513818056887532,430,1000,30,32,32
NSC,1.0,1e-06,0.001,64,min,0.9545751839726909,0.95975512214994,102,1000,30,32,32
NSC,1.0,1e-05,0.001,64,min,0.9539281596845602,0.9577805826195223,62,1000,30,32,32
NSC,1.0,1e-06,0.0001,64,min,0.9484435905488537,0.956342899209666,413,1000,30,32,32
ADV,1.0,1e-06,0.001,64,max,0.9408236156246481,0.9414503394892282,47,1000,30,32,32
NSC,1.0,1e-05,0.0001,64,min,0.932253060283164,0.9270547119523802,296,1000,30,32,32
NSC,0.5,1e-06,0.001,256,mean,0.8212677364274517,0.812928198701728,361,1000,30,32,32
NSC,1.0,1e-06,0.001,256,mean,0.8203183527983029,0.8139486484519162,280,1000,30,32,32
NSC,1.5,1e-06,0.001,256,mean,0.8515139751552795,0.8540347094546421,387,1000,30,32,32
NSC,0.5,1e-06,0.001,128,mean,0.8212793626640582,0.7842234265083146,118,1000,30,32,32
NSC,1.0,1e-06,0.001,128,mean,0.8106177842397722,0.8103213888028296,149,1000,30,32,32
NSC,1.5,1e-06,0.001,128,mean,0.7832690200829342,0.747838125367468,334,1000,30,32,32
NSC,0.5,1e-06,0.001,64,mean,0.7830526966511261,0.7669740946625907,102,1000,30,32,32
NSC,1.0,1e-06,0.001,64,mean,0.7829341232842939,0.7692475044145418,129,1000,30,32,32
NSC,1.5,1e-06,0.001,64,mean,0.821989987437701,0.8235603708653659,133,1000,30,32,32
ADV,1.5,1e-06,0.001,64,max,0.9393555686357288,0.9440625429235943,66,1000,30,32,32
NSC,1.0,1e-06,0.001,256,mean,0.819611211722775,0.8162591021784316,263,1000,30,32,32
NSC,1.0,1e-05,0.001,256,mean,0.8392056297709924,0.8088157981043773,238,1000,30,32,32
NSC,1.0,1e-06,0.0001,256,mean,0.7875581887431231,0.7971696408592144,999,1000,30,32,32
ADV,1.0,1e-06,0.001,256,max,0.9549314610329174,0.9569090773656295,60,1000,30,32,32
NSC,1.0,1e-05,0.0001,256,mean,0.7782857940185754,0.7696023893831074,479,1000,30,32,32
NSC,1.0,1e-06,0.001,128,mean,0.7918753192693407,0.7842810853452922,249,1000,30,32,32
NSC,1.0,1e-05,0.001,128,mean,0.8279780425958779,0.8185629907225626,148,1000,30,32,32
ADV,1.0,1e-05,0.001,256,max,0.950763947772316,0.954424004102124,59,1000,30,32,32
NSC,1.0,1e-06,0.0001,128,mean,0.7998185406429226,0.7880273105284681,999,1000,30,32,32
NSC,1.0,1e-05,0.0001,128,mean,0.7745616502578527,0.7603237693714,283,1000,30,32,32
NSC,1.0,1e-06,0.001,64,mean,0.8048347937908888,0.8029204034925064,120,1000,30,32,32
NSC,1.0,1e-05,0.001,64,mean,0.8185530084658794,0.8005205289110386,170,1000,30,32,32
NSC,1.0,1e-06,0.0001,64,mean,0.7795973215505854,0.7692623487632027,479,1000,30,32,32
NSC,1.0,1e-05,0.0001,64,mean,0.7574880821947626,0.759792639928806,326,1000,30,32,32
SMG,0.5,1e-06,0.001,256,max,0.9423306776269391,0.9481580486022969,340,1000,30,32,32
ADV,1.0,1e-06,0.0001,256,max,0.9542609434697046,0.957050796011022,245,1000,30,32,32
SMG,1.0,1e-06,0.001,256,max,0.9414281770341403,0.9463122948812829,412,1000,30,32,32
SMG,1.5,1e-06,0.001,256,max,0.9491642600707005,0.9523191687278644,394,1000,30,32,32
SMG,0.5,1e-06,0.001,128,max,0.9410729308651057,0.9446443925662973,188,1000,30,32,32
SMG,1.0,1e-06,0.001,128,max,0.9322756230091812,0.9383076276738419,251,1000,30,32,32
SMG,1.5,1e-06,0.001,128,max,0.9279933669663953,0.938095362033771,231,1000,30,32,32
SMG,0.5,1e-06,0.001,64,max,0.9421911806628755,0.9441104622328123,115,1000,30,32,32
SMG,1.0,1e-06,0.001,64,max,0.9397741318621612,0.9429340512890596,129,1000,30,32,32
ADV,1.0,1e-05,0.0001,256,max,0.9490061281591466,0.9527806451194083,212,1000,30,32,32
SMG,1.5,1e-06,0.001,64,max,0.9359804308858892,0.9426772508590389,126,1000,30,32,32
SMG,1.0,1e-06,0.001,256,max,0.9473186902708179,0.951196096161767,273,1000,30,32,32
SMG,1.0,1e-05,0.001,256,max,0.9409135180624268,0.9461638047736992,173,1000,30,32,32
ADV,1.0,1e-06,0.001,128,max,0.9483267558768926,0.9513170004940715,78,1000,30,32,32
SMG,1.0,1e-06,0.0001,256,max,0.9300488646530629,0.9341301654989181,999,1000,30,32,32
SMG,1.0,1e-05,0.0001,256,max,0.9267774568569384,0.9279547666827489,725,1000,30,32,32
ADV,1.0,1e-05,0.001,128,max,0.9457944083208684,0.9506344885899827,56,1000,30,32,32
SMG,1.0,1e-06,0.001,128,max,0.942192627209916,0.9460634617664657,220,1000,30,32,32
SMG,1.0,1e-05,0.001,128,max,0.9243101291517073,0.9199881177039363,138,1000,30,32,32
SMG,1.0,1e-06,0.0001,128,max,0.9347184517253604,0.9382965225036032,910,1000,30,32,32
ADV,1.0,1e-06,0.0001,128,max,0.9506268526462925,0.9538844166598284,148,1000,30,32,32
SMG,1.0,1e-05,0.0001,128,max,0.9166827147927041,0.9219376439759867,534,1000,30,32,32
SMG,1.0,1e-06,0.001,64,max,0.9362799383971605,0.9309639264394054,164,1000,30,32,32
SMG,1.0,1e-05,0.001,64,max,0.9232557898000999,0.9235525746199358,87,1000,30,32,32
SMG,1.0,1e-06,0.0001,64,max,0.9329290162319687,0.9398165616060905,631,1000,30,32,32
ADV,1.0,1e-05,0.0001,128,max,0.9481653505455746,0.9528070691980243,174,1000,30,32,32
SMG,1.0,1e-05,0.0001,64,max,0.8729386045373937,0.8928904553024122,296,1000,30,32,32
SMG,0.5,1e-06,0.001,256,min,0.9591814456536343,0.9599174730864937,245,1000,30,32,32
SMG,1.0,1e-06,0.001,256,min,0.9481951174672513,0.951247320690068,227,1000,30,32,32
SMG,1.5,1e-06,0.001,256,min,0.9441602571430125,0.9507226493666999,206,1000,30,32,32
ADV,1.0,1e-06,0.001,64,max,0.9430574631543394,0.9487831851642319,42,1000,30,32,32
SMG,0.5,1e-06,0.001,128,min,0.9489364700143497,0.9519916137789669,204,1000,30,32,32
SMG,1.0,1e-06,0.001,128,min,0.9482231113203107,0.9509752649557754,129,1000,30,32,32
SMG,1.5,1e-06,0.001,128,min,0.9398737412697014,0.9432802477398233,248,1000,30,32,32
ADV,1.0,1e-05,0.001,64,max,0.9425171064833254,0.9472127106762882,44,1000,30,32,32
SMG,0.5,1e-06,0.001,64,min,0.9422424407198651,0.9458764630646254,113,1000,30,32,32
SMG,1.0,1e-06,0.001,64,min,0.9390997566464115,0.9393214103600641,116,1000,30,32,32
SMG,1.5,1e-06,0.001,64,min,0.9416545350166654,0.9452301975929576,110,1000,30,32,32
SMG,1.0,1e-06,0.001,256,min,0.9484679988761304,0.9505589188576004,284,1000,30,32,32
SMG,1.0,1e-05,0.001,256,min,0.9451915004437561,0.9468914153969508,161,1000,30,32,32
SMG,1.0,1e-06,0.0001,256,min,0.9470909252474576,0.9502522735517345,647,1000,30,32,32
SMG,1.0,1e-05,0.0001,256,min,0.9309776650448529,0.9363242685031068,619,1000,30,32,32
SMG,1.0,1e-06,0.001,128,min,0.9538745830529055,0.9582886652425505,223,1000,30,32,32
SMG,1.0,1e-05,0.001,128,min,0.9487105481648372,0.9548095743405346,194,1000,30,32,32
ADV,1.0,1e-06,0.0001,64,max,0.9496913453533788,0.9547589837021714,121,1000,30,32,32
SMG,1.0,1e-06,0.0001,128,min,0.9461262150974601,0.9484332535023324,571,1000,30,32,32
SMG,1.0,1e-05,0.0001,128,min,0.9319636373382607,0.9389153176701076,310,1000,30,32,32
SMG,1.0,1e-06,0.001,64,min,0.9420625824281683,0.9509380055761122,124,1000,30,32,32
SMG,1.0,1e-05,0.001,64,min,0.9421081475736076,0.948844205259875,73,1000,30,32,32
SMG,1.0,1e-06,0.0001,64,min,0.9346749831835137,0.9402738677361313,662,1000,30,32,32
ADV,1.0,1e-05,0.0001,64,max,0.9477341446990881,0.9530675692995143,151,1000,30,32,32
SMG,1.0,1e-05,0.0001,64,min,0.9395174166943829,0.9410716245463177,220,1000,30,32,32
SMG,0.5,1e-06,0.001,256,mean,0.8326709012981407,0.8366025908004998,457,1000,30,32,32
ADV,0.5,1e-06,0.001,256,min,0.9495424248901293,0.9546588820909012,57,1000,30,32,32
SMG,1.0,1e-06,0.001,256,mean,0.8433067198935462,0.8309266474908452,504,1000,30,32,32
SMG,1.5,1e-06,0.001,256,mean,0.8314736450082503,0.8170715045892967,515,1000,30,32,32
ADV,1.0,1e-06,0.001,256,min,0.9450006685912797,0.9510499983077827,86,1000,30,32,32
SMG,0.5,1e-06,0.001,128,mean,0.8448304549670325,0.8386084331013777,366,1000,30,32,32
ADV,1.5,1e-06,0.001,256,min,0.9500052099491082,0.9559635559667001,92,1000,30,32,32
SMG,1.0,1e-06,0.001,128,mean,0.896521325568418,0.8605767186812192,663,1000,30,32,32
SMG,1.5,1e-06,0.001,128,mean,0.8016363006668871,0.772453068753133,269,1000,30,32,32
ADV,0.5,1e-06,0.001,128,min,0.9484287345662795,0.9525181595830203,63,1000,30,32,32
SMG,0.5,1e-06,0.001,64,mean,0.8521587727066031,0.8184811800934895,460,1000,30,32,32
ADV,1.0,1e-06,0.001,128,min,0.9465233188020269,0.9501284108619985,64,1000,30,32,32
ADV,1.5,1e-06,0.001,128,min,0.9487129300807753,0.9530885682372566,53,1000,30,32,32
SMG,1.0,1e-06,0.001,64,mean,0.9127142477865178,0.8926634269374857,550,1000,30,32,32
SMG,1.5,1e-06,0.001,64,mean,0.7812384589558503,0.7736142765454758,194,1000,30,32,32
SMG,1.0,1e-06,0.001,256,mean,0.8036420959517759,0.7954570819973373,316,1000,30,32,32
ADV,0.5,1e-06,0.001,64,min,0.9420255828141088,0.9464388519157259,53,1000,30,32,32
SMG,1.0,1e-05,0.001,256,mean,0.8036208005752834,0.808533949150651,294,1000,30,32,32
SMG,1.0,1e-06,0.0001,256,mean,0.7943864462903713,0.7973295662711255,699,1000,30,32,32
ADV,1.0,1e-06,0.001,64,min,0.9455551105323777,0.9507764812386093,42,1000,30,32,32
SMG,1.0,1e-05,0.0001,256,mean,0.7766723886808157,0.7715418638867697,501,1000,30,32,32
SMG,1.0,1e-06,0.001,128,mean,0.8147269536390354,0.8015834600308163,304,1000,30,32,32
SMG,1.0,1e-05,0.001,128,mean,0.818827870423615,0.7898611215623669,240,1000,30,32,32
ADV,1.5,1e-06,0.001,64,min,0.9391374179255204,0.9410538428334686,45,1000,30,32,32
ADV,1.0,1e-06,0.001,256,min,0.9531685223723453,0.955757512183881,68,1000,30,32,32
SMG,1.0,1e-06,0.0001,128,mean,0.8034632790908592,0.7992986150820227,693,1000,30,32,32
ADV,1.0,1e-05,0.001,256,min,0.9501125761114693,0.9540381728846001,56,1000,30,32,32
SMG,1.0,1e-05,0.0001,128,mean,0.7759174927184127,0.7755371949506523,410,1000,30,32,32
SMG,1.0,1e-06,0.001,64,mean,0.8747029972752044,0.8540809072879179,321,1000,30,32,32
SMG,1.0,1e-05,0.001,64,mean,0.7848508829515853,0.7575125931863489,107,1000,30,32,32
SMG,1.0,1e-06,0.0001,64,mean,0.7851526590409454,0.7883466611786889,325,1000,30,32,32
SMG,1.0,1e-05,0.0001,64,mean,0.7496398220687823,0.7633442299453415,206,1000,30,32,32
UAL,0.5,1e-06,0.001,256,max,0.9717048654348825,0.9721640055782774,337,1000,30,32,32
UAL,1.0,1e-06,0.001,256,max,0.9814791526939414,0.9830866692059551,418,1000,30,32,32
UAL,1.5,1e-06,0.001,256,max,0.9659730819920924,0.9652782108445044,456,1000,30,32,32
UAL,0.5,1e-06,0.001,128,max,0.9668127343408552,0.9653576720666815,222,1000,30,32,32
ADV,1.0,1e-06,0.0001,256,min,0.954093223319925,0.9578411326528147,299,1000,30,32,32
UAL,1.0,1e-06,0.001,128,max,0.9653188815245297,0.9649500107917547,404,1000,30,32,32
UAL,1.5,1e-06,0.001,128,max,0.9654031815047278,0.9667789226480608,433,1000,30,32,32
UAL,0.5,1e-06,0.001,64,max,0.9669334271392138,0.9666038259329626,215,1000,30,32,32
UAL,1.0,1e-06,0.001,64,max,0.9565037370477324,0.9553242424611719,217,1000,30,32,32
UAL,1.5,1e-06,0.001,64,max,0.9572503233712302,0.9613119576157323,215,1000,30,32,32
UAL,1.0,1e-06,0.001,256,max,0.9749192869332637,0.9750086827003107,398,1000,30,32,32
UAL,1.0,1e-05,0.001,256,max,0.9793311318252088,0.9813653717385096,371,1000,30,32,32
UAL,1.0,1e-06,0.0001,256,max,0.9726243070634528,0.9716959193170969,999,1000,30,32,32
UAL,1.0,1e-05,0.0001,256,max,0.9587522692361402,0.9624081269523217,677,1000,30,32,32
UAL,1.0,1e-06,0.001,128,max,0.9634096963039472,0.9627850058670252,256,1000,30,32,32
UAL,1.0,1e-05,0.001,128,max,0.9526434619351871,0.9529648482239329,281,1000,30,32,32
ADV,1.0,1e-05,0.0001,256,min,0.9516728282641472,0.9540926537216432,253,1000,30,32,32
UAL,1.0,1e-06,0.0001,128,max,0.9574269280694687,0.9637752306697022,843,1000,30,32,32
UAL,1.0,1e-05,0.0001,128,max,0.9379262173565972,0.9369356271530329,610,1000,30,32,32
UAL,1.0,1e-06,0.001,64,max,0.9613028682547401,0.9596099439566237,207,1000,30,32,32
UAL,1.0,1e-05,0.001,64,max,0.9552602983305343,0.9538630725994385,205,1000,30,32,32
ADV,1.0,1e-06,0.001,128,min,0.9493672297891137,0.9534955171499224,64,1000,30,32,32
UAL,1.0,1e-06,0.0001,64,max,0.9545662429985202,0.9534467952582979,565,1000,30,32,32
UAL,1.0,1e-05,0.0001,64,max,0.9549321576054894,0.954326005013024,450,1000,30,32,32
ADV,1.0,1e-05,0.001,128,min,0.9456513324322445,0.9500449779935456,76,1000,30,32,32
UAL,0.5,1e-06,0.001,256,min,0.9738826153765144,0.9740721365836577,406,1000,30,32,32
UAL,1.0,1e-06,0.001,256,min,0.9710923810580017,0.97500848545541,333,1000,30,32,32
UAL,1.5,1e-06,0.001,256,min,0.97709516238928,0.9731275133242986,460,1000,30,32,32
UAL,0.5,1e-06,0.001,128,min,0.9705567083852725,0.9748467720142024,241,1000,30,32,32
UAL,1.0,1e-06,0.001,128,min,0.9682586719745937,0.9701119637983773,252,1000,30,32,32
UAL,1.5,1e-06,0.001,128,min,0.970998472250786,0.9674999632868294,296,1000,30,32,32
UAL,0.5,1e-06,0.001,64,min,0.9676309138504646,0.9679815652533177,189,1000,30,32,32
UAL,1.0,1e-06,0.001,64,min,0.9642479549923495,0.9658584013171051,162,1000,30,32,32
UAL,1.5,1e-06,0.001,64,min,0.9680090358832676,0.9699821333140969,213,1000,30,32,32
UAL,1.0,1e-06,0.001,256,min,0.9758847324849481,0.977913191287775,379,1000,30,32,32
UAL,1.0,1e-05,0.001,256,min,0.9705431508063086,0.9687162990590249,260,1000,30,32,32
UAL,1.0,1e-06,0.0001,256,min,0.9632823001016293,0.9697939778461644,999,1000,30,32,32
UAL,1.0,1e-05,0.0001,256,min,0.9764552742560368,0.9780658166007021,711,1000,30,32,32
UAL,1.0,1e-06,0.001,128,min,0.9676398657574351,0.971480788209034,408,1000,30,32,32
UAL,1.0,1e-05,0.001,128,min,0.9668745852687458,0.9652154207109057,221,1000,30,32,32
ADV,1.0,1e-06,0.0001,128,min,0.9530051585503367,0.9555429464192361,210,1000,30,32,32
UAL,1.0,1e-06,0.0001,128,min,0.9679186456199168,0.9665580808524011,975,1000,30,32,32
UAL,1.0,1e-05,0.0001,128,min,0.9682574165003378,0.9631613174930076,487,1000,30,32,32
UAL,1.0,1e-06,0.001,64,min,0.9657771717958707,0.9679689090280298,202,1000,30,32,32
UAL,1.0,1e-05,0.001,64,min,0.9649364973262033,0.9672633807254319,198,1000,30,32,32
UAL,1.0,1e-06,0.0001,64,min,0.9685518700766477,0.9688482568905488,858,1000,30,32,32
ADV,1.0,1e-05,0.0001,128,min,0.9488407147927486,0.9520632556078911,130,1000,30,32,32
UAL,1.0,1e-05,0.0001,64,min,0.9529485955822197,0.9545739597506253,434,1000,30,32,32
UAL,0.5,1e-06,0.001,256,mean,0.9072528735632185,0.8963465361754381,466,1000,30,32,32
UAL,1.0,1e-06,0.001,256,mean,0.910487898578563,0.9035745424439631,568,1000,30,32,32
UAL,1.5,1e-06,0.001,256,mean,0.900647650544302,0.9090491433613707,469,1000,30,32,32
UAL,0.5,1e-06,0.001,128,mean,0.9134887934309341,0.9060488827033033,309,1000,30,32,32
ADV,1.0,1e-06,0.001,64,min,0.9336893193036928,0.9401033960990941,49,1000,30,32,32
UAL,1.0,1e-06,0.001,128,mean,0.8887159824384088,0.8957812642139964,409,1000,30,32,32
UAL,1.5,1e-06,0.001,128,mean,0.8993873370577281,0.8817379130354215,440,1000,30,32,32
UAL,0.5,1e-06,0.001,64,mean,0.8828602766941568,0.8444092118589092,217,1000,30,32,32
UAL,1.0,1e-06,0.001,64,mean,0.8881217177946922,0.8864176819072365,198,1000,30,32,32
UAL,1.5,1e-06,0.001,64,mean,0.9023850043161918,0.9053181073094937,171,1000,30,32,32
ADV,1.0,1e-05,0.001,64,min,0.9380308219697291,0.939834412191469,44,1000,30,32,32
UAL,1.0,1e-06,0.001,256,mean,0.9014896282890158,0.8751934490555116,749,1000,30,32,32
UAL,1.0,1e-05,0.001,256,mean,0.9269338956016742,0.917063848962903,605,1000,30,32,32
UAL,1.0,1e-06,0.0001,256,mean,0.9071374797249395,0.9095725053154391,999,1000,30,32,32
ADV,1.0,1e-06,0.0001,64,min,0.9468411681780596,0.9506531196466501,136,1000,30,32,32
CEG,0.5,1e-06,0.001,256,max,0.9596114409530402,0.9651142247683582,237,1000,30,32,32
CEG,1.0,1e-06,0.001,256,max,0.9523161635924031,0.9523869632885605,296,1000,30,32,32
UAL,1.0,1e-05,0.0001,256,mean,0.9056466113103897,0.9062157906350823,999,1000,30,32,32
CEG,0.5,1e-06,0.001,256,max,0.9529814537118431,0.9548093743548507,216,1000,30,32,32
CEG,1.0,1e-06,0.001,256,max,0.9591033906913085,0.9600599356251931,292,1000,30,32,32
UAL,1.0,1e-06,0.001,128,mean,0.9129907657749794,0.8933273954858139,335,1000,30,32,32
CEG,1.5,1e-06,0.001,256,max,0.9567403824791072,0.9558220094853902,266,1000,30,32,32
UAL,1.0,1e-05,0.001,128,mean,0.8890779123771119,0.8864470789041871,250,1000,30,32,32
CEG,0.5,1e-06,0.001,128,max,0.9353505154639176,0.9415764200200692,177,1000,30,32,32
CEG,1.0,1e-06,0.001,128,max,0.9381350820483474,0.9420344655512779,280,1000,30,32,32
CEG,1.5,1e-06,0.001,128,max,0.945930477116476,0.9524476450058321,257,1000,30,32,32
CEG,0.5,1e-06,0.001,64,max,0.9258545266943241,0.9233159270255785,121,1000,30,32,32
UAL,1.0,1e-06,0.0001,128,mean,0.9123823262174846,0.9214920878796414,823,1000,30,32,32
CEG,1.0,1e-06,0.001,64,max,0.9244707871949703,0.923411972042347,111,1000,30,32,32
CEG,1.5,1e-06,0.001,64,max,0.9340618957271278,0.9351021663060032,133,1000,30,32,32
CEG,1.0,1e-06,0.001,256,max,0.9432843860809963,0.9415655308109051,336,1000,30,32,32
UAL,1.0,1e-05,0.0001,128,mean,0.8970455751145406,0.8925102428180275,615,1000,30,32,32
CEG,1.0,1e-05,0.001,256,max,0.9362694279698475,0.934765415562796,289,1000,30,32,32
LDG,0.5,1e-06,0.001,256,max,0.9416417892270249,0.9474249573872067,169,1000,30,32,32
UAL,1.0,1e-06,0.001,64,mean,0.8675491832131729,0.8532475375678112,211,1000,30,32,32
CEG,1.0,1e-06,0.0001,256,max,0.9510225297236856,0.9509304637981467,999,1000,30,32,32
UAL,1.0,1e-05,0.001,64,mean,0.8902815749427302,0.8746101367559409,230,1000,30,32,32
CEG,1.0,1e-05,0.0001,256,max,0.9474240962066662,0.9489205801507805,910,1000,30,32,32
CEG,1.0,1e-06,0.001,128,max,0.9364897494655573,0.9393127276117277,246,1000,30,32,32
CEG,1.0,1e-05,0.001,128,max,0.9470339748639487,0.9503559707631336,216,1000,30,32,32
UAL,1.0,1e-06,0.0001,64,mean,0.8980933691652326,0.8968631887080774,651,1000,30,32,32
CEG,1.0,1e-06,0.0001,128,max,0.9439823169310204,0.9465797401983469,848,1000,30,32,32
ADV,1.0,1e-05,0.0001,64,min,0.9466103973088843,0.9506053809293749,138,1000,30,32,32
UAL,1.0,1e-05,0.0001,64,mean,0.85449357815752,0.8497435178205706,433,1000,30,32,32
LDG,1.0,1e-06,0.001,256,max,0.9423359422148591,0.9463820994782186,210,1000,30,32,32
CEG,1.0,1e-05,0.0001,128,max,0.9398853390055075,0.9448261762836333,851,1000,30,32,32
CEG,1.0,1e-06,0.001,64,max,0.9323342373221842,0.931505603914211,150,1000,30,32,32
CEG,1.0,1e-05,0.001,64,max,0.9213303144224196,0.9158038172483347,105,1000,30,32,32
CEG,1.0,1e-06,0.0001,64,max,0.9316565841359644,0.9330383260557156,724,1000,30,32,32
LDG,1.5,1e-06,0.001,256,max,0.9404874655683638,0.9455282647239965,172,1000,30,32,32
CEG,1.0,1e-05,0.0001,64,max,0.9230679448001551,0.9169536969506829,447,1000,30,32,32
CEG,0.5,1e-06,0.001,256,min,0.9597248110179144,0.9616343239893237,198,1000,30,32,32
CEG,1.0,1e-06,0.001,256,min,0.9616467128754463,0.9637827523807028,305,1000,30,32,32
CEG,1.5,1e-06,0.001,256,min,0.9513460323115619,0.9578397535156253,320,1000,30,32,32
CEG,0.5,1e-06,0.001,128,min,0.9458595098684797,0.9435678340426638,189,1000,30,32,32
INF,0.5,1e-06,0.001,256,max,0.9714531794471398,0.9714263052648053,112,1000,30,32,32
CEG,1.0,1e-06,0.001,128,min,0.943405212792968,0.9496893569331091,156,1000,30,32,32
INF,1.0,1e-06,0.001,256,max,0.9690835536623581,0.9665315339340945,116,1000,30,32,32
INF,1.5,1e-06,0.001,256,max,0.965699145032114,0.9669054587237285,142,1000,30,32,32
INF,0.5,1e-06,0.001,128,max,0.9635600482739037,0.9652441674641635,62,1000,30,32,32
CEG,1.5,1e-06,0.001,128,min,0.9476375490111322,0.9467744261043598,270,1000,30,32,32
INF,1.0,1e-06,0.001,128,max,0.9576267195504186,0.9594790575363034,90,1000,30,32,32
CEG,0.5,1e-06,0.001,64,min,0.929421941464034,0.9307160858122091,99,1000,30,32,32
INF,1.5,1e-06,0.001,128,max,0.9562652430242161,0.9607523218307448,98,1000,30,32,32
INF,0.5,1e-06,0.001,64,max,0.9510602653218845,0.9520054091557829,54,1000,30,32,32
CEG,1.0,1e-06,0.001,64,min,0.9166026464522176,0.9215918687286241,142,1000,30,32,32
INF,1.0,1e-06,0.001,64,max,0.9470461135180721,0.947570040243292,74,1000,30,32,32
INF,1.5,1e-06,0.001,64,max,0.9399550917976489,0.9370360418257532,75,1000,30,32,32
CEG,1.5,1e-06,0.001,64,min,0.9336663036000917,0.9297359911424475,174,1000,30,32,32
INF,1.0,1e-06,0.001,256,max,0.9702599948048269,0.9724439405000893,107,1000,30,32,32
INF,1.0,1e-05,0.001,256,max,0.9609601492324509,0.966674152454114,88,1000,30,32,32
LDG,0.5,1e-06,0.001,128,max,0.9390793539628852,0.9433163482772714,117,1000,30,32,32
CEG,1.0,1e-06,0.001,256,min,0.9549648260244366,0.9578090681110016,277,1000,30,32,32
CEG,1.0,1e-05,0.001,256,min,0.9442621557293438,0.9451108544461956,245,1000,30,32,32
INF,1.0,1e-06,0.0001,256,max,0.9662284143269283,0.9684685281962829,352,1000,30,32,32
INF,1.0,1e-05,0.0001,256,max,0.9624613407947994,0.9623662681545135,296,1000,30,32,32
INF,1.0,1e-06,0.001,128,max,0.9557457690103232,0.9546316654801296,82,1000,30,32,32
INF,1.0,1e-05,0.001,128,max,0.9604439158174615,0.959313233372569,95,1000,30,32,32
CEG,1.0,1e-06,0.0001,256,min,0.9532816901408451,0.9573814255353601,999,1000,30,32,32
CEG,1.0,1e-05,0.0001,256,min,0.6123705717634801,0.6032547687724685,50,1000,30,32,32
INF,1.0,1e-06,0.0001,128,max,0.9695478636727881,0.9685036801813838,250,1000,30,32,32
CEG,1.0,1e-06,0.001,128,min,0.9360002900993245,0.9398154956420072,220,1000,30,32,32
ADV,0.5,1e-06,0.001,256,mean,0.9233429829354208,0.9178089531922671,395,1000,30,32,32
CEG,1.0,1e-05,0.001,128,min,0.9457746917424338,0.9483777847319397,182,1000,30,32,32
INF,1.0,1e-05,0.0001,128,max,0.9579128416602772,0.9569832242088544,206,1000,30,32,32
INF,1.0,1e-06,0.001,64,max,0.9441392432200664,0.9503184835441533,57,1000,30,32,32
INF,1.0,1e-05,0.001,64,max,0.8989824463638897,0.9202985302444734,52,1000,30,32,32
INF,1.0,1e-06,0.0001,64,max,0.943119770885651,0.9411316750113968,235,1000,30,32,32
CEG,1.0,1e-06,0.0001,128,min,0.9456485222365152,0.9471874215726817,908,1000,30,32,32
LDG,1.0,1e-06,0.001,128,max,0.9371937784710397,0.9433947445797076,99,1000,30,32,32
INF,1.0,1e-05,0.0001,64,max,0.9517277527214766,0.9542514269058029,99,1000,30,32,32
INF,0.5,1e-06,0.001,256,min,0.9684314176291573,0.9712138504548555,69,1000,30,32,32
INF,1.0,1e-06,0.001,256,min,0.9742627001700844,0.9748494757224605,112,1000,30,32,32
INF,1.5,1e-06,0.001,256,min,0.9712030975216871,0.9744252821722835,164,1000,30,32,32
INF,0.5,1e-06,0.001,128,min,0.9578444019945918,0.9570363458436217,71,1000,30,32,32
CEG,1.0,1e-05,0.0001,128,min,0.9385394386485661,0.9402115307496496,592,1000,30,32,32
INF,1.0,1e-06,0.001,128,min,0.959588688032137,0.9594020578471307,55,1000,30,32,32
INF,1.5,1e-06,0.001,128,min,0.9639049521746784,0.9648128337319257,163,1000,30,32,32
CEG,1.0,1e-06,0.001,64,min,0.9258876217451798,0.9315091402556583,128,1000,30,32,32
INF,0.5,1e-06,0.001,64,min,0.9046448756174624,0.9135792951170661,55,1000,30,32,32
CEG,1.0,1e-05,0.001,64,min,0.9306036049586985,0.9359240108220364,109,1000,30,32,32
INF,1.0,1e-06,0.001,64,min,0.9450034758428919,0.9463405854625615,55,1000,30,32,32
INF,1.5,1e-06,0.001,64,min,0.9504638543672326,0.9539905472058681,80,1000,30,32,32
INF,1.0,1e-06,0.001,256,min,0.9689366786140979,0.9711578145524171,173,1000,30,32,32
INF,1.0,1e-05,0.001,256,min,0.9674262489202624,0.9657774374783454,79,1000,30,32,32
INF,1.0,1e-06,0.0001,256,min,0.9706507783662334,0.9720695502222838,209,1000,30,32,32
INF,1.0,1e-05,0.0001,256,min,0.9706817759836129,0.9704263530349904,166,1000,30,32,32
CEG,1.0,1e-06,0.0001,64,min,0.937805290748533,0.9400365224320284,422,1000,30,32,32
INF,1.0,1e-06,0.001,128,min,0.9643822825429391,0.9646149455513139,76,1000,30,32,32
INF,1.0,1e-05,0.001,128,min,0.9510172143974961,0.9486404844332883,52,1000,30,32,32
INF,1.0,1e-06,0.0001,128,min,0.9609009758438649,0.9622140786516079,241,1000,30,32,32
ADV,1.0,1e-06,0.001,256,mean,0.9212110352489244,0.9164367848678434,217,1000,30,32,32
INF,1.0,1e-05,0.0001,128,min,0.9578589498364903,0.9621136084400459,140,1000,30,32,32
CEG,1.0,1e-05,0.0001,64,min,0.9383185466835657,0.9438367542813928,348,1000,30,32,32
INF,1.0,1e-06,0.001,64,min,0.9453452028202859,0.9431405474975465,73,1000,30,32,32
CEG,0.5,1e-06,0.001,256,mean,0.8368668352296671,0.8285268560127969,298,1000,30,32,32
INF,1.0,1e-05,0.001,64,min,0.9447430042746358,0.9477496612485257,56,1000,30,32,32
CEG,1.0,1e-06,0.001,256,mean,0.8031473359324237,0.762480125322311,402,1000,30,32,32
LDG,1.5,1e-06,0.001,128,max,0.9381364066307002,0.9420154877054154,138,1000,30,32,32
INF,1.0,1e-06,0.0001,64,min,0.9481243301178993,0.9512190422777611,196,1000,30,32,32
CEG,1.5,1e-06,0.001,256,mean,0.8781102486536799,0.8794935420916917,746,1000,30,32,32
INF,1.0,1e-05,0.0001,64,min,0.9524276482034214,0.9600277792020719,73,1000,30,32,32
CEG,0.5,1e-06,0.001,128,mean,0.8129730017006804,0.7822050379698104,203,1000,30,32,32
INF,0.5,1e-06,0.001,256,mean,0.9072494609011463,0.8838097101679092,229,1000,30,32,32
INF,1.0,1e-06,0.001,256,mean,0.9079602664161488,0.9008574339501508,281,1000,30,32,32
CEG,1.0,1e-06,0.001,128,mean,0.8366739137936984,0.8085230527203482,417,1000,30,32,32
INF,1.5,1e-06,0.001,256,mean,0.9141943641093462,0.8978903690060386,405,1000,30,32,32
CEG,1.5,1e-06,0.001,128,mean,0.8410001246150286,0.8337713167059783,301,1000,30,32,32
INF,0.5,1e-06,0.001,128,mean,0.9030540593040592,0.9042080446522859,226,1000,30,32,32
INF,1.0,1e-06,0.001,128,mean,0.8969956209422594,0.8906392318822915,172,1000,30,32,32
CEG,0.5,1e-06,0.001,64,mean,0.8764449884400924,0.8370951734260845,288,1000,30,32,32
INF,1.5,1e-06,0.001,128,mean,0.9234781920063967,0.9242727536703932,231,1000,30,32,32
INF,0.5,1e-06,0.001,64,mean,0.9044282077189061,0.8963024134247612,102,1000,30,32,32
CEG,1.0,1e-06,0.001,64,mean,0.8065177244268277,0.7591557392206734,212,1000,30,32,32
INF,1.0,1e-06,0.001,64,mean,0.900333714921572,0.8865942650858244,150,1000,30,32,32
INF,1.5,1e-06,0.001,64,mean,0.8836398698828527,0.8615931001424602,94,1000,30,32,32
CEG,1.5,1e-06,0.001,64,mean,0.833485651334011,0.8067089045721219,363,1000,30,32,32
INF,1.0,1e-06,0.001,256,mean,0.9323901703918984,0.9241851981397471,265,1000,30,32,32
CEG,1.0,1e-06,0.001,256,mean,0.8332137187099018,0.8102775982558585,133,1000,30,32,32
INF,1.0,1e-05,0.001,256,mean,0.9275638815461824,0.9170205823870682,196,1000,30,32,32
LDG,0.5,1e-06,0.001,64,max,0.9350595472464385,0.9363798032485223,82,1000,30,32,32
CEG,1.0,1e-05,0.001,256,mean,0.8521004174255564,0.8089689675742128,645,1000,30,32,32
